key,value,date
Life Physical and Social Science Occupations,0,1/1/11
Life Physical and Social Science Occupations,0,2/1/11
Life Physical and Social Science Occupations,0,3/1/11
Life Physical and Social Science Occupations,0,4/1/11
Life Physical and Social Science Occupations,0,5/1/11
Life Physical and Social Science Occupations,0,6/1/11
Life Physical and Social Science Occupations,0,7/1/11
Life Physical and Social Science Occupations,0,8/1/11
Life Physical and Social Science Occupations,0,9/1/11
Life Physical and Social Science Occupations,0,10/1/11
Life Physical and Social Science Occupations,101,11/1/11
Life Physical and Social Science Occupations,86,12/1/11
Life Physical and Social Science Occupations,77,1/1/12
Life Physical and Social Science Occupations,69,2/1/12
Life Physical and Social Science Occupations,106,3/1/12
Life Physical and Social Science Occupations,0,4/1/12
Life Physical and Social Science Occupations,0,5/1/12
Life Physical and Social Science Occupations,0,6/1/12
Life Physical and Social Science Occupations,0,7/1/12
Life Physical and Social Science Occupations,0,8/1/12
Life Physical and Social Science Occupations,0,9/1/12
Life Physical and Social Science Occupations,0,10/1/12
Life Physical and Social Science Occupations,0,11/1/12
Life Physical and Social Science Occupations,0,12/1/12
Life Physical and Social Science Occupations,0,1/1/13
Life Physical and Social Science Occupations,0,2/1/13
Life Physical and Social Science Occupations,0,3/1/13
Life Physical and Social Science Occupations,47,4/1/13
Life Physical and Social Science Occupations,55,5/1/13
Life Physical and Social Science Occupations,29,6/1/13
Life Physical and Social Science Occupations,43,7/1/13
Life Physical and Social Science Occupations,44,8/1/13
Life Physical and Social Science Occupations,57,9/1/13
Life Physical and Social Science Occupations,0,10/1/13
Life Physical and Social Science Occupations,0,11/1/13
Life Physical and Social Science Occupations,0,12/1/13
Life Physical and Social Science Occupations,0,1/1/14
Life Physical and Social Science Occupations,0,2/1/14
Life Physical and Social Science Occupations,0,3/1/14
Life Physical and Social Science Occupations,115,4/1/14
Life Physical and Social Science Occupations,148,5/1/14
Life Physical and Social Science Occupations,122,6/1/14
Life Physical and Social Science Occupations,95,7/1/14
Life Physical and Social Science Occupations,81,8/1/14
Life Physical and Social Science Occupations,89,9/1/14
Life Physical and Social Science Occupations,0,10/1/14
Life Physical and Social Science Occupations,0,11/1/14
Life Physical and Social Science Occupations,0,12/1/14
Life Physical and Social Science Occupations,0,1/1/15
Life Physical and Social Science Occupations,0,2/1/15
Life Physical and Social Science Occupations,0,3/1/15
Life Physical and Social Science Occupations,91,4/1/15
Life Physical and Social Science Occupations,81,5/1/15
Life Physical and Social Science Occupations,72,6/1/15
Life Physical and Social Science Occupations,94,7/1/15
Life Physical and Social Science Occupations,106,8/1/15
Life Physical and Social Science Occupations,127,9/1/15
Life Physical and Social Science Occupations,0,10/1/15
Life Physical and Social Science Occupations,0,11/1/15
Life Physical and Social Science Occupations,0,12/1/15
Life Physical and Social Science Occupations,0,1/1/16
Life Physical and Social Science Occupations,0,2/1/16
Life Physical and Social Science Occupations,0,3/1/16
Life Physical and Social Science Occupations,106,4/1/16
Life Physical and Social Science Occupations,128,5/1/16
Life Physical and Social Science Occupations,140,6/1/16
Life Physical and Social Science Occupations,125,7/1/16
Life Physical and Social Science Occupations,128,8/1/16
Life Physical and Social Science Occupations,116,9/1/16
Life Physical and Social Science Occupations,137,10/1/16
Life Physical and Social Science Occupations,115,11/1/16
Life Physical and Social Science Occupations,105,12/1/16
Community and Social Service Occupations,0,1/1/11
Community and Social Service Occupations,0,2/1/11
Community and Social Service Occupations,0,3/1/11
Community and Social Service Occupations,0,4/1/11
Community and Social Service Occupations,0,5/1/11
Community and Social Service Occupations,0,6/1/11
Community and Social Service Occupations,0,7/1/11
Community and Social Service Occupations,0,8/1/11
Community and Social Service Occupations,0,9/1/11
Community and Social Service Occupations,0,10/1/11
Community and Social Service Occupations,5,11/1/11
Community and Social Service Occupations,13,12/1/11
Community and Social Service Occupations,16,1/1/12
Community and Social Service Occupations,14,2/1/12
Community and Social Service Occupations,24,3/1/12
Community and Social Service Occupations,0,4/1/12
Community and Social Service Occupations,0,5/1/12
Community and Social Service Occupations,0,6/1/12
Community and Social Service Occupations,0,7/1/12
Community and Social Service Occupations,0,8/1/12
Community and Social Service Occupations,0,9/1/12
Community and Social Service Occupations,0,10/1/12
Community and Social Service Occupations,0,11/1/12
Community and Social Service Occupations,0,12/1/12
Community and Social Service Occupations,0,1/1/13
Community and Social Service Occupations,0,2/1/13
Community and Social Service Occupations,0,3/1/13
Community and Social Service Occupations,6,4/1/13
Community and Social Service Occupations,7,5/1/13
Community and Social Service Occupations,2,6/1/13
Community and Social Service Occupations,0,7/1/13
Community and Social Service Occupations,6,8/1/13
Community and Social Service Occupations,7,9/1/13
Community and Social Service Occupations,0,10/1/13
Community and Social Service Occupations,0,11/1/13
Community and Social Service Occupations,0,12/1/13
Community and Social Service Occupations,0,1/1/14
Community and Social Service Occupations,0,2/1/14
Community and Social Service Occupations,0,3/1/14
Community and Social Service Occupations,26,4/1/14
Community and Social Service Occupations,31,5/1/14
Community and Social Service Occupations,31,6/1/14
Community and Social Service Occupations,25,7/1/14
Community and Social Service Occupations,17,8/1/14
Community and Social Service Occupations,10,9/1/14
Community and Social Service Occupations,0,10/1/14
Community and Social Service Occupations,0,11/1/14
Community and Social Service Occupations,0,12/1/14
Community and Social Service Occupations,0,1/1/15
Community and Social Service Occupations,0,2/1/15
Community and Social Service Occupations,0,3/1/15
Community and Social Service Occupations,30,4/1/15
Community and Social Service Occupations,24,5/1/15
Community and Social Service Occupations,26,6/1/15
Community and Social Service Occupations,20,7/1/15
Community and Social Service Occupations,31,8/1/15
Community and Social Service Occupations,49,9/1/15
Community and Social Service Occupations,0,10/1/15
Community and Social Service Occupations,0,11/1/15
Community and Social Service Occupations,0,12/1/15
Community and Social Service Occupations,0,1/1/16
Community and Social Service Occupations,0,2/1/16
Community and Social Service Occupations,0,3/1/16
Community and Social Service Occupations,21,4/1/16
Community and Social Service Occupations,32,5/1/16
Community and Social Service Occupations,36,6/1/16
Community and Social Service Occupations,28,7/1/16
Community and Social Service Occupations,31,8/1/16
Community and Social Service Occupations,22,9/1/16
Community and Social Service Occupations,29,10/1/16
Community and Social Service Occupations,26,11/1/16
Community and Social Service Occupations,25,12/1/16
Business and Financial Operations Occupations,0,1/1/11
Business and Financial Operations Occupations,0,2/1/11
Business and Financial Operations Occupations,0,3/1/11
Business and Financial Operations Occupations,0,4/1/11
Business and Financial Operations Occupations,0,5/1/11
Business and Financial Operations Occupations,0,6/1/11
Business and Financial Operations Occupations,0,7/1/11
Business and Financial Operations Occupations,0,8/1/11
Business and Financial Operations Occupations,0,9/1/11
Business and Financial Operations Occupations,0,10/1/11
Business and Financial Operations Occupations,173,11/1/11
Business and Financial Operations Occupations,158,12/1/11
Business and Financial Operations Occupations,118,1/1/12
Business and Financial Operations Occupations,118,2/1/12
Business and Financial Operations Occupations,176,3/1/12
Business and Financial Operations Occupations,0,4/1/12
Business and Financial Operations Occupations,0,5/1/12
Business and Financial Operations Occupations,0,6/1/12
Business and Financial Operations Occupations,0,7/1/12
Business and Financial Operations Occupations,0,8/1/12
Business and Financial Operations Occupations,0,9/1/12
Business and Financial Operations Occupations,0,10/1/12
Business and Financial Operations Occupations,0,11/1/12
Business and Financial Operations Occupations,0,12/1/12
Business and Financial Operations Occupations,0,1/1/13
Business and Financial Operations Occupations,0,2/1/13
Business and Financial Operations Occupations,0,3/1/13
Business and Financial Operations Occupations,133,4/1/13
Business and Financial Operations Occupations,163,5/1/13
Business and Financial Operations Occupations,90,6/1/13
Business and Financial Operations Occupations,89,7/1/13
Business and Financial Operations Occupations,112,8/1/13
Business and Financial Operations Occupations,180,9/1/13
Business and Financial Operations Occupations,0,10/1/13
Business and Financial Operations Occupations,0,11/1/13
Business and Financial Operations Occupations,0,12/1/13
Business and Financial Operations Occupations,0,1/1/14
Business and Financial Operations Occupations,0,2/1/14
Business and Financial Operations Occupations,0,3/1/14
Business and Financial Operations Occupations,403,4/1/14
Business and Financial Operations Occupations,491,5/1/14
Business and Financial Operations Occupations,467,6/1/14
Business and Financial Operations Occupations,297,7/1/14
Business and Financial Operations Occupations,296,8/1/14
Business and Financial Operations Occupations,294,9/1/14
Business and Financial Operations Occupations,0,10/1/14
Business and Financial Operations Occupations,0,11/1/14
Business and Financial Operations Occupations,0,12/1/14
Business and Financial Operations Occupations,0,1/1/15
Business and Financial Operations Occupations,0,2/1/15
Business and Financial Operations Occupations,0,3/1/15
Business and Financial Operations Occupations,354,4/1/15
Business and Financial Operations Occupations,318,5/1/15
Business and Financial Operations Occupations,343,6/1/15
Business and Financial Operations Occupations,475,7/1/15
Business and Financial Operations Occupations,464,8/1/15
Business and Financial Operations Occupations,603,9/1/15
Business and Financial Operations Occupations,0,10/1/15
Business and Financial Operations Occupations,0,11/1/15
Business and Financial Operations Occupations,0,12/1/15
Business and Financial Operations Occupations,0,1/1/16
Business and Financial Operations Occupations,0,2/1/16
Business and Financial Operations Occupations,0,3/1/16
Business and Financial Operations Occupations,480,4/1/16
Business and Financial Operations Occupations,687,5/1/16
Business and Financial Operations Occupations,686,6/1/16
Business and Financial Operations Occupations,584,7/1/16
Business and Financial Operations Occupations,584,8/1/16
Business and Financial Operations Occupations,394,9/1/16
Business and Financial Operations Occupations,498,10/1/16
Business and Financial Operations Occupations,449,11/1/16
Business and Financial Operations Occupations,428,12/1/16
Food Preparation and Serving Related Occupations,0,1/1/11
Food Preparation and Serving Related Occupations,0,2/1/11
Food Preparation and Serving Related Occupations,0,3/1/11
Food Preparation and Serving Related Occupations,0,4/1/11
Food Preparation and Serving Related Occupations,0,5/1/11
Food Preparation and Serving Related Occupations,0,6/1/11
Food Preparation and Serving Related Occupations,0,7/1/11
Food Preparation and Serving Related Occupations,0,8/1/11
Food Preparation and Serving Related Occupations,0,9/1/11
Food Preparation and Serving Related Occupations,0,10/1/11
Food Preparation and Serving Related Occupations,6,11/1/11
Food Preparation and Serving Related Occupations,27,12/1/11
Food Preparation and Serving Related Occupations,45,1/1/12
Food Preparation and Serving Related Occupations,51,2/1/12
Food Preparation and Serving Related Occupations,12,3/1/12
Food Preparation and Serving Related Occupations,0,4/1/12
Food Preparation and Serving Related Occupations,0,5/1/12
Food Preparation and Serving Related Occupations,0,6/1/12
Food Preparation and Serving Related Occupations,0,7/1/12
Food Preparation and Serving Related Occupations,0,8/1/12
Food Preparation and Serving Related Occupations,0,9/1/12
Food Preparation and Serving Related Occupations,0,10/1/12
Food Preparation and Serving Related Occupations,0,11/1/12
Food Preparation and Serving Related Occupations,0,12/1/12
Food Preparation and Serving Related Occupations,0,1/1/13
Food Preparation and Serving Related Occupations,0,2/1/13
Food Preparation and Serving Related Occupations,0,3/1/13
Food Preparation and Serving Related Occupations,13,4/1/13
Food Preparation and Serving Related Occupations,26,5/1/13
Food Preparation and Serving Related Occupations,14,6/1/13
Food Preparation and Serving Related Occupations,6,7/1/13
Food Preparation and Serving Related Occupations,15,8/1/13
Food Preparation and Serving Related Occupations,25,9/1/13
Food Preparation and Serving Related Occupations,0,10/1/13
Food Preparation and Serving Related Occupations,0,11/1/13
Food Preparation and Serving Related Occupations,0,12/1/13
Food Preparation and Serving Related Occupations,0,1/1/14
Food Preparation and Serving Related Occupations,0,2/1/14
Food Preparation and Serving Related Occupations,0,3/1/14
Food Preparation and Serving Related Occupations,24,4/1/14
Food Preparation and Serving Related Occupations,14,5/1/14
Food Preparation and Serving Related Occupations,16,6/1/14
Food Preparation and Serving Related Occupations,22,7/1/14
Food Preparation and Serving Related Occupations,28,8/1/14
Food Preparation and Serving Related Occupations,18,9/1/14
Food Preparation and Serving Related Occupations,0,10/1/14
Food Preparation and Serving Related Occupations,0,11/1/14
Food Preparation and Serving Related Occupations,0,12/1/14
Food Preparation and Serving Related Occupations,0,1/1/15
Food Preparation and Serving Related Occupations,0,2/1/15
Food Preparation and Serving Related Occupations,0,3/1/15
Food Preparation and Serving Related Occupations,102,4/1/15
Food Preparation and Serving Related Occupations,73,5/1/15
Food Preparation and Serving Related Occupations,94,6/1/15
Food Preparation and Serving Related Occupations,186,7/1/15
Food Preparation and Serving Related Occupations,180,8/1/15
Food Preparation and Serving Related Occupations,237,9/1/15
Food Preparation and Serving Related Occupations,0,10/1/15
Food Preparation and Serving Related Occupations,0,11/1/15
Food Preparation and Serving Related Occupations,0,12/1/15
Food Preparation and Serving Related Occupations,0,1/1/16
Food Preparation and Serving Related Occupations,0,2/1/16
Food Preparation and Serving Related Occupations,0,3/1/16
Food Preparation and Serving Related Occupations,132,4/1/16
Food Preparation and Serving Related Occupations,144,5/1/16
Food Preparation and Serving Related Occupations,279,6/1/16
Food Preparation and Serving Related Occupations,205,7/1/16
Food Preparation and Serving Related Occupations,250,8/1/16
Food Preparation and Serving Related Occupations,160,9/1/16
Food Preparation and Serving Related Occupations,260,10/1/16
Food Preparation and Serving Related Occupations,151,11/1/16
Food Preparation and Serving Related Occupations,188,12/1/16
Protective Service Occupations,0,1/1/11
Protective Service Occupations,0,2/1/11
Protective Service Occupations,0,3/1/11
Protective Service Occupations,0,4/1/11
Protective Service Occupations,0,5/1/11
Protective Service Occupations,0,6/1/11
Protective Service Occupations,0,7/1/11
Protective Service Occupations,0,8/1/11
Protective Service Occupations,0,9/1/11
Protective Service Occupations,0,10/1/11
Protective Service Occupations,0,11/1/11
Protective Service Occupations,1,12/1/11
Protective Service Occupations,0,1/1/12
Protective Service Occupations,0,2/1/12
Protective Service Occupations,0,3/1/12
Protective Service Occupations,0,4/1/12
Protective Service Occupations,0,5/1/12
Protective Service Occupations,0,6/1/12
Protective Service Occupations,0,7/1/12
Protective Service Occupations,0,8/1/12
Protective Service Occupations,0,9/1/12
Protective Service Occupations,0,10/1/12
Protective Service Occupations,0,11/1/12
Protective Service Occupations,0,12/1/12
Protective Service Occupations,0,1/1/13
Protective Service Occupations,0,2/1/13
Protective Service Occupations,0,3/1/13
Protective Service Occupations,0,4/1/13
Protective Service Occupations,0,5/1/13
Protective Service Occupations,0,6/1/13
Protective Service Occupations,0,7/1/13
Protective Service Occupations,0,8/1/13
Protective Service Occupations,0,9/1/13
Protective Service Occupations,0,10/1/13
Protective Service Occupations,0,11/1/13
Protective Service Occupations,0,12/1/13
Protective Service Occupations,0,1/1/14
Protective Service Occupations,0,2/1/14
Protective Service Occupations,0,3/1/14
Protective Service Occupations,0,4/1/14
Protective Service Occupations,0,5/1/14
Protective Service Occupations,0,6/1/14
Protective Service Occupations,0,7/1/14
Protective Service Occupations,0,8/1/14
Protective Service Occupations,0,9/1/14
Protective Service Occupations,0,10/1/14
Protective Service Occupations,0,11/1/14
Protective Service Occupations,0,12/1/14
Protective Service Occupations,0,1/1/15
Protective Service Occupations,0,2/1/15
Protective Service Occupations,0,3/1/15
Protective Service Occupations,0,4/1/15
Protective Service Occupations,0,5/1/15
Protective Service Occupations,0,6/1/15
Protective Service Occupations,0,7/1/15
Protective Service Occupations,1,8/1/15
Protective Service Occupations,0,9/1/15
Protective Service Occupations,0,10/1/15
Protective Service Occupations,0,11/1/15
Protective Service Occupations,0,12/1/15
Protective Service Occupations,0,1/1/16
Protective Service Occupations,0,2/1/16
Protective Service Occupations,0,3/1/16
Protective Service Occupations,0,4/1/16
Protective Service Occupations,0,5/1/16
Protective Service Occupations,1,6/1/16
Protective Service Occupations,2,7/1/16
Protective Service Occupations,2,8/1/16
Protective Service Occupations,1,9/1/16
Protective Service Occupations,0,10/1/16
Protective Service Occupations,1,11/1/16
Protective Service Occupations,0,12/1/16
Transportation and Material Moving Occupations,0,1/1/11
Transportation and Material Moving Occupations,0,2/1/11
Transportation and Material Moving Occupations,0,3/1/11
Transportation and Material Moving Occupations,0,4/1/11
Transportation and Material Moving Occupations,0,5/1/11
Transportation and Material Moving Occupations,0,6/1/11
Transportation and Material Moving Occupations,0,7/1/11
Transportation and Material Moving Occupations,0,8/1/11
Transportation and Material Moving Occupations,0,9/1/11
Transportation and Material Moving Occupations,0,10/1/11
Transportation and Material Moving Occupations,2,11/1/11
Transportation and Material Moving Occupations,2,12/1/11
Transportation and Material Moving Occupations,9,1/1/12
Transportation and Material Moving Occupations,1,2/1/12
Transportation and Material Moving Occupations,2,3/1/12
Transportation and Material Moving Occupations,0,4/1/12
Transportation and Material Moving Occupations,0,5/1/12
Transportation and Material Moving Occupations,0,6/1/12
Transportation and Material Moving Occupations,0,7/1/12
Transportation and Material Moving Occupations,0,8/1/12
Transportation and Material Moving Occupations,0,9/1/12
Transportation and Material Moving Occupations,0,10/1/12
Transportation and Material Moving Occupations,0,11/1/12
Transportation and Material Moving Occupations,0,12/1/12
Transportation and Material Moving Occupations,0,1/1/13
Transportation and Material Moving Occupations,0,2/1/13
Transportation and Material Moving Occupations,0,3/1/13
Transportation and Material Moving Occupations,0,4/1/13
Transportation and Material Moving Occupations,0,5/1/13
Transportation and Material Moving Occupations,1,6/1/13
Transportation and Material Moving Occupations,0,7/1/13
Transportation and Material Moving Occupations,1,8/1/13
Transportation and Material Moving Occupations,1,9/1/13
Transportation and Material Moving Occupations,0,10/1/13
Transportation and Material Moving Occupations,0,11/1/13
Transportation and Material Moving Occupations,0,12/1/13
Transportation and Material Moving Occupations,0,1/1/14
Transportation and Material Moving Occupations,0,2/1/14
Transportation and Material Moving Occupations,0,3/1/14
Transportation and Material Moving Occupations,2,4/1/14
Transportation and Material Moving Occupations,1,5/1/14
Transportation and Material Moving Occupations,0,6/1/14
Transportation and Material Moving Occupations,1,7/1/14
Transportation and Material Moving Occupations,1,8/1/14
Transportation and Material Moving Occupations,0,9/1/14
Transportation and Material Moving Occupations,0,10/1/14
Transportation and Material Moving Occupations,0,11/1/14
Transportation and Material Moving Occupations,0,12/1/14
Transportation and Material Moving Occupations,0,1/1/15
Transportation and Material Moving Occupations,0,2/1/15
Transportation and Material Moving Occupations,0,3/1/15
Transportation and Material Moving Occupations,4,4/1/15
Transportation and Material Moving Occupations,4,5/1/15
Transportation and Material Moving Occupations,5,6/1/15
Transportation and Material Moving Occupations,5,7/1/15
Transportation and Material Moving Occupations,6,8/1/15
Transportation and Material Moving Occupations,5,9/1/15
Transportation and Material Moving Occupations,0,10/1/15
Transportation and Material Moving Occupations,0,11/1/15
Transportation and Material Moving Occupations,0,12/1/15
Transportation and Material Moving Occupations,0,1/1/16
Transportation and Material Moving Occupations,0,2/1/16
Transportation and Material Moving Occupations,0,3/1/16
Transportation and Material Moving Occupations,27,4/1/16
Transportation and Material Moving Occupations,27,5/1/16
Transportation and Material Moving Occupations,65,6/1/16
Transportation and Material Moving Occupations,75,7/1/16
Transportation and Material Moving Occupations,27,8/1/16
Transportation and Material Moving Occupations,58,9/1/16
Transportation and Material Moving Occupations,21,10/1/16
Transportation and Material Moving Occupations,42,11/1/16
Transportation and Material Moving Occupations,24,12/1/16
Construction and Extraction Occupations,0,1/1/11
Construction and Extraction Occupations,0,2/1/11
Construction and Extraction Occupations,0,3/1/11
Construction and Extraction Occupations,0,4/1/11
Construction and Extraction Occupations,0,5/1/11
Construction and Extraction Occupations,0,6/1/11
Construction and Extraction Occupations,0,7/1/11
Construction and Extraction Occupations,0,8/1/11
Construction and Extraction Occupations,0,9/1/11
Construction and Extraction Occupations,0,10/1/11
Construction and Extraction Occupations,3,11/1/11
Construction and Extraction Occupations,5,12/1/11
Construction and Extraction Occupations,3,1/1/12
Construction and Extraction Occupations,3,2/1/12
Construction and Extraction Occupations,1,3/1/12
Construction and Extraction Occupations,0,4/1/12
Construction and Extraction Occupations,0,5/1/12
Construction and Extraction Occupations,0,6/1/12
Construction and Extraction Occupations,0,7/1/12
Construction and Extraction Occupations,0,8/1/12
Construction and Extraction Occupations,0,9/1/12
Construction and Extraction Occupations,0,10/1/12
Construction and Extraction Occupations,0,11/1/12
Construction and Extraction Occupations,0,12/1/12
Construction and Extraction Occupations,0,1/1/13
Construction and Extraction Occupations,0,2/1/13
Construction and Extraction Occupations,0,3/1/13
Construction and Extraction Occupations,2,4/1/13
Construction and Extraction Occupations,5,5/1/13
Construction and Extraction Occupations,3,6/1/13
Construction and Extraction Occupations,2,7/1/13
Construction and Extraction Occupations,3,8/1/13
Construction and Extraction Occupations,4,9/1/13
Construction and Extraction Occupations,0,10/1/13
Construction and Extraction Occupations,0,11/1/13
Construction and Extraction Occupations,0,12/1/13
Construction and Extraction Occupations,0,1/1/14
Construction and Extraction Occupations,0,2/1/14
Construction and Extraction Occupations,0,3/1/14
Construction and Extraction Occupations,9,4/1/14
Construction and Extraction Occupations,11,5/1/14
Construction and Extraction Occupations,4,6/1/14
Construction and Extraction Occupations,4,7/1/14
Construction and Extraction Occupations,5,8/1/14
Construction and Extraction Occupations,7,9/1/14
Construction and Extraction Occupations,0,10/1/14
Construction and Extraction Occupations,0,11/1/14
Construction and Extraction Occupations,0,12/1/14
Construction and Extraction Occupations,0,1/1/15
Construction and Extraction Occupations,0,2/1/15
Construction and Extraction Occupations,0,3/1/15
Construction and Extraction Occupations,8,4/1/15
Construction and Extraction Occupations,10,5/1/15
Construction and Extraction Occupations,10,6/1/15
Construction and Extraction Occupations,14,7/1/15
Construction and Extraction Occupations,24,8/1/15
Construction and Extraction Occupations,23,9/1/15
Construction and Extraction Occupations,0,10/1/15
Construction and Extraction Occupations,0,11/1/15
Construction and Extraction Occupations,0,12/1/15
Construction and Extraction Occupations,0,1/1/16
Construction and Extraction Occupations,0,2/1/16
Construction and Extraction Occupations,0,3/1/16
Construction and Extraction Occupations,20,4/1/16
Construction and Extraction Occupations,22,5/1/16
Construction and Extraction Occupations,20,6/1/16
Construction and Extraction Occupations,21,7/1/16
Construction and Extraction Occupations,18,8/1/16
Construction and Extraction Occupations,26,9/1/16
Construction and Extraction Occupations,33,10/1/16
Construction and Extraction Occupations,28,11/1/16
Construction and Extraction Occupations,38,12/1/16
"Installation, Maintenance, and Repair Occupations",0,1/1/11
"Installation, Maintenance, and Repair Occupations",0,2/1/11
"Installation, Maintenance, and Repair Occupations",0,3/1/11
"Installation, Maintenance, and Repair Occupations",0,4/1/11
"Installation, Maintenance, and Repair Occupations",0,5/1/11
"Installation, Maintenance, and Repair Occupations",0,6/1/11
"Installation, Maintenance, and Repair Occupations",0,7/1/11
"Installation, Maintenance, and Repair Occupations",0,8/1/11
"Installation, Maintenance, and Repair Occupations",0,9/1/11
"Installation, Maintenance, and Repair Occupations",0,10/1/11
"Installation, Maintenance, and Repair Occupations",0,11/1/11
"Installation, Maintenance, and Repair Occupations",7,12/1/11
"Installation, Maintenance, and Repair Occupations",16,1/1/12
"Installation, Maintenance, and Repair Occupations",13,2/1/12
"Installation, Maintenance, and Repair Occupations",2,3/1/12
"Installation, Maintenance, and Repair Occupations",0,4/1/12
"Installation, Maintenance, and Repair Occupations",0,5/1/12
"Installation, Maintenance, and Repair Occupations",0,6/1/12
"Installation, Maintenance, and Repair Occupations",0,7/1/12
"Installation, Maintenance, and Repair Occupations",0,8/1/12
"Installation, Maintenance, and Repair Occupations",0,9/1/12
"Installation, Maintenance, and Repair Occupations",0,10/1/12
"Installation, Maintenance, and Repair Occupations",0,11/1/12
"Installation, Maintenance, and Repair Occupations",0,12/1/12
"Installation, Maintenance, and Repair Occupations",0,1/1/13
"Installation, Maintenance, and Repair Occupations",0,2/1/13
"Installation, Maintenance, and Repair Occupations",0,3/1/13
"Installation, Maintenance, and Repair Occupations",0,4/1/13
"Installation, Maintenance, and Repair Occupations",1,5/1/13
"Installation, Maintenance, and Repair Occupations",2,6/1/13
"Installation, Maintenance, and Repair Occupations",6,7/1/13
"Installation, Maintenance, and Repair Occupations",6,8/1/13
"Installation, Maintenance, and Repair Occupations",6,9/1/13
"Installation, Maintenance, and Repair Occupations",0,10/1/13
"Installation, Maintenance, and Repair Occupations",0,11/1/13
"Installation, Maintenance, and Repair Occupations",0,12/1/13
"Installation, Maintenance, and Repair Occupations",0,1/1/14
"Installation, Maintenance, and Repair Occupations",0,2/1/14
"Installation, Maintenance, and Repair Occupations",0,3/1/14
"Installation, Maintenance, and Repair Occupations",8,4/1/14
"Installation, Maintenance, and Repair Occupations",8,5/1/14
"Installation, Maintenance, and Repair Occupations",4,6/1/14
"Installation, Maintenance, and Repair Occupations",5,7/1/14
"Installation, Maintenance, and Repair Occupations",4,8/1/14
"Installation, Maintenance, and Repair Occupations",1,9/1/14
"Installation, Maintenance, and Repair Occupations",0,10/1/14
"Installation, Maintenance, and Repair Occupations",0,11/1/14
"Installation, Maintenance, and Repair Occupations",0,12/1/14
"Installation, Maintenance, and Repair Occupations",0,1/1/15
"Installation, Maintenance, and Repair Occupations",0,2/1/15
"Installation, Maintenance, and Repair Occupations",0,3/1/15
"Installation, Maintenance, and Repair Occupations",18,4/1/15
"Installation, Maintenance, and Repair Occupations",30,5/1/15
"Installation, Maintenance, and Repair Occupations",22,6/1/15
"Installation, Maintenance, and Repair Occupations",31,7/1/15
"Installation, Maintenance, and Repair Occupations",21,8/1/15
"Installation, Maintenance, and Repair Occupations",25,9/1/15
"Installation, Maintenance, and Repair Occupations",0,10/1/15
"Installation, Maintenance, and Repair Occupations",0,11/1/15
"Installation, Maintenance, and Repair Occupations",0,12/1/15
"Installation, Maintenance, and Repair Occupations",0,1/1/16
"Installation, Maintenance, and Repair Occupations",0,2/1/16
"Installation, Maintenance, and Repair Occupations",0,3/1/16
"Installation, Maintenance, and Repair Occupations",20,4/1/16
"Installation, Maintenance, and Repair Occupations",19,5/1/16
"Installation, Maintenance, and Repair Occupations",44,6/1/16
"Installation, Maintenance, and Repair Occupations",25,7/1/16
"Installation, Maintenance, and Repair Occupations",26,8/1/16
"Installation, Maintenance, and Repair Occupations",26,9/1/16
"Installation, Maintenance, and Repair Occupations",35,10/1/16
"Installation, Maintenance, and Repair Occupations",23,11/1/16
"Installation, Maintenance, and Repair Occupations",20,12/1/16
Legal Occupations,0,1/1/11
Legal Occupations,0,2/1/11
Legal Occupations,0,3/1/11
Legal Occupations,0,4/1/11
Legal Occupations,0,5/1/11
Legal Occupations,0,6/1/11
Legal Occupations,0,7/1/11
Legal Occupations,0,8/1/11
Legal Occupations,0,9/1/11
Legal Occupations,0,10/1/11
Legal Occupations,12,11/1/11
Legal Occupations,15,12/1/11
Legal Occupations,14,1/1/12
Legal Occupations,9,2/1/12
Legal Occupations,26,3/1/12
Legal Occupations,0,4/1/12
Legal Occupations,0,5/1/12
Legal Occupations,0,6/1/12
Legal Occupations,0,7/1/12
Legal Occupations,0,8/1/12
Legal Occupations,0,9/1/12
Legal Occupations,0,10/1/12
Legal Occupations,0,11/1/12
Legal Occupations,0,12/1/12
Legal Occupations,0,1/1/13
Legal Occupations,0,2/1/13
Legal Occupations,0,3/1/13
Legal Occupations,8,4/1/13
Legal Occupations,18,5/1/13
Legal Occupations,8,6/1/13
Legal Occupations,13,7/1/13
Legal Occupations,6,8/1/13
Legal Occupations,11,9/1/13
Legal Occupations,0,10/1/13
Legal Occupations,0,11/1/13
Legal Occupations,0,12/1/13
Legal Occupations,0,1/1/14
Legal Occupations,0,2/1/14
Legal Occupations,0,3/1/14
Legal Occupations,25,4/1/14
Legal Occupations,20,5/1/14
Legal Occupations,48,6/1/14
Legal Occupations,19,7/1/14
Legal Occupations,23,8/1/14
Legal Occupations,20,9/1/14
Legal Occupations,0,10/1/14
Legal Occupations,0,11/1/14
Legal Occupations,0,12/1/14
Legal Occupations,0,1/1/15
Legal Occupations,0,2/1/15
Legal Occupations,0,3/1/15
Legal Occupations,17,4/1/15
Legal Occupations,18,5/1/15
Legal Occupations,11,6/1/15
Legal Occupations,26,7/1/15
Legal Occupations,17,8/1/15
Legal Occupations,24,9/1/15
Legal Occupations,0,10/1/15
Legal Occupations,0,11/1/15
Legal Occupations,0,12/1/15
Legal Occupations,0,1/1/16
Legal Occupations,0,2/1/16
Legal Occupations,0,3/1/16
Legal Occupations,22,4/1/16
Legal Occupations,47,5/1/16
Legal Occupations,41,6/1/16
Legal Occupations,25,7/1/16
Legal Occupations,36,8/1/16
Legal Occupations,20,9/1/16
Legal Occupations,31,10/1/16
Legal Occupations,21,11/1/16
Legal Occupations,16,12/1/16
"Arts, Design, Entertainment, Sports, and Media Occupations",0,1/1/11
"Arts, Design, Entertainment, Sports, and Media Occupations",0,2/1/11
"Arts, Design, Entertainment, Sports, and Media Occupations",0,3/1/11
"Arts, Design, Entertainment, Sports, and Media Occupations",0,4/1/11
"Arts, Design, Entertainment, Sports, and Media Occupations",0,5/1/11
"Arts, Design, Entertainment, Sports, and Media Occupations",0,6/1/11
"Arts, Design, Entertainment, Sports, and Media Occupations",0,7/1/11
"Arts, Design, Entertainment, Sports, and Media Occupations",0,8/1/11
"Arts, Design, Entertainment, Sports, and Media Occupations",0,9/1/11
"Arts, Design, Entertainment, Sports, and Media Occupations",0,10/1/11
"Arts, Design, Entertainment, Sports, and Media Occupations",43,11/1/11
"Arts, Design, Entertainment, Sports, and Media Occupations",48,12/1/11
"Arts, Design, Entertainment, Sports, and Media Occupations",41,1/1/12
"Arts, Design, Entertainment, Sports, and Media Occupations",39,2/1/12
"Arts, Design, Entertainment, Sports, and Media Occupations",53,3/1/12
"Arts, Design, Entertainment, Sports, and Media Occupations",0,4/1/12
"Arts, Design, Entertainment, Sports, and Media Occupations",0,5/1/12
"Arts, Design, Entertainment, Sports, and Media Occupations",0,6/1/12
"Arts, Design, Entertainment, Sports, and Media Occupations",0,7/1/12
"Arts, Design, Entertainment, Sports, and Media Occupations",0,8/1/12
"Arts, Design, Entertainment, Sports, and Media Occupations",0,9/1/12
"Arts, Design, Entertainment, Sports, and Media Occupations",0,10/1/12
"Arts, Design, Entertainment, Sports, and Media Occupations",0,11/1/12
"Arts, Design, Entertainment, Sports, and Media Occupations",0,12/1/12
"Arts, Design, Entertainment, Sports, and Media Occupations",0,1/1/13
"Arts, Design, Entertainment, Sports, and Media Occupations",0,2/1/13
"Arts, Design, Entertainment, Sports, and Media Occupations",0,3/1/13
"Arts, Design, Entertainment, Sports, and Media Occupations",22,4/1/13
"Arts, Design, Entertainment, Sports, and Media Occupations",26,5/1/13
"Arts, Design, Entertainment, Sports, and Media Occupations",15,6/1/13
"Arts, Design, Entertainment, Sports, and Media Occupations",18,7/1/13
"Arts, Design, Entertainment, Sports, and Media Occupations",28,8/1/13
"Arts, Design, Entertainment, Sports, and Media Occupations",40,9/1/13
"Arts, Design, Entertainment, Sports, and Media Occupations",0,10/1/13
"Arts, Design, Entertainment, Sports, and Media Occupations",0,11/1/13
"Arts, Design, Entertainment, Sports, and Media Occupations",0,12/1/13
"Arts, Design, Entertainment, Sports, and Media Occupations",0,1/1/14
"Arts, Design, Entertainment, Sports, and Media Occupations",0,2/1/14
"Arts, Design, Entertainment, Sports, and Media Occupations",0,3/1/14
"Arts, Design, Entertainment, Sports, and Media Occupations",86,4/1/14
"Arts, Design, Entertainment, Sports, and Media Occupations",94,5/1/14
"Arts, Design, Entertainment, Sports, and Media Occupations",87,6/1/14
"Arts, Design, Entertainment, Sports, and Media Occupations",58,7/1/14
"Arts, Design, Entertainment, Sports, and Media Occupations",73,8/1/14
"Arts, Design, Entertainment, Sports, and Media Occupations",73,9/1/14
"Arts, Design, Entertainment, Sports, and Media Occupations",0,10/1/14
"Arts, Design, Entertainment, Sports, and Media Occupations",0,11/1/14
"Arts, Design, Entertainment, Sports, and Media Occupations",0,12/1/14
"Arts, Design, Entertainment, Sports, and Media Occupations",0,1/1/15
"Arts, Design, Entertainment, Sports, and Media Occupations",0,2/1/15
"Arts, Design, Entertainment, Sports, and Media Occupations",0,3/1/15
"Arts, Design, Entertainment, Sports, and Media Occupations",73,4/1/15
"Arts, Design, Entertainment, Sports, and Media Occupations",86,5/1/15
"Arts, Design, Entertainment, Sports, and Media Occupations",61,6/1/15
"Arts, Design, Entertainment, Sports, and Media Occupations",92,7/1/15
"Arts, Design, Entertainment, Sports, and Media Occupations",109,8/1/15
"Arts, Design, Entertainment, Sports, and Media Occupations",142,9/1/15
"Arts, Design, Entertainment, Sports, and Media Occupations",0,10/1/15
"Arts, Design, Entertainment, Sports, and Media Occupations",0,11/1/15
"Arts, Design, Entertainment, Sports, and Media Occupations",0,12/1/15
"Arts, Design, Entertainment, Sports, and Media Occupations",0,1/1/16
"Arts, Design, Entertainment, Sports, and Media Occupations",0,2/1/16
"Arts, Design, Entertainment, Sports, and Media Occupations",0,3/1/16
"Arts, Design, Entertainment, Sports, and Media Occupations",104,4/1/16
"Arts, Design, Entertainment, Sports, and Media Occupations",152,5/1/16
"Arts, Design, Entertainment, Sports, and Media Occupations",164,6/1/16
"Arts, Design, Entertainment, Sports, and Media Occupations",131,7/1/16
"Arts, Design, Entertainment, Sports, and Media Occupations",163,8/1/16
"Arts, Design, Entertainment, Sports, and Media Occupations",114,9/1/16
"Arts, Design, Entertainment, Sports, and Media Occupations",129,10/1/16
"Arts, Design, Entertainment, Sports, and Media Occupations",120,11/1/16
"Arts, Design, Entertainment, Sports, and Media Occupations",109,12/1/16
"Education, Training, and Library Occupations",0,1/1/11
"Education, Training, and Library Occupations",0,2/1/11
"Education, Training, and Library Occupations",0,3/1/11
"Education, Training, and Library Occupations",0,4/1/11
"Education, Training, and Library Occupations",0,5/1/11
"Education, Training, and Library Occupations",0,6/1/11
"Education, Training, and Library Occupations",0,7/1/11
"Education, Training, and Library Occupations",0,8/1/11
"Education, Training, and Library Occupations",0,9/1/11
"Education, Training, and Library Occupations",0,10/1/11
"Education, Training, and Library Occupations",98,11/1/11
"Education, Training, and Library Occupations",128,12/1/11
"Education, Training, and Library Occupations",167,1/1/12
"Education, Training, and Library Occupations",61,2/1/12
"Education, Training, and Library Occupations",240,3/1/12
"Education, Training, and Library Occupations",0,4/1/12
"Education, Training, and Library Occupations",0,5/1/12
"Education, Training, and Library Occupations",0,6/1/12
"Education, Training, and Library Occupations",0,7/1/12
"Education, Training, and Library Occupations",0,8/1/12
"Education, Training, and Library Occupations",0,9/1/12
"Education, Training, and Library Occupations",0,10/1/12
"Education, Training, and Library Occupations",0,11/1/12
"Education, Training, and Library Occupations",0,12/1/12
"Education, Training, and Library Occupations",0,1/1/13
"Education, Training, and Library Occupations",0,2/1/13
"Education, Training, and Library Occupations",0,3/1/13
"Education, Training, and Library Occupations",109,4/1/13
"Education, Training, and Library Occupations",100,5/1/13
"Education, Training, and Library Occupations",89,6/1/13
"Education, Training, and Library Occupations",79,7/1/13
"Education, Training, and Library Occupations",111,8/1/13
"Education, Training, and Library Occupations",208,9/1/13
"Education, Training, and Library Occupations",0,10/1/13
"Education, Training, and Library Occupations",0,11/1/13
"Education, Training, and Library Occupations",0,12/1/13
"Education, Training, and Library Occupations",0,1/1/14
"Education, Training, and Library Occupations",0,2/1/14
"Education, Training, and Library Occupations",0,3/1/14
"Education, Training, and Library Occupations",284,4/1/14
"Education, Training, and Library Occupations",299,5/1/14
"Education, Training, and Library Occupations",337,6/1/14
"Education, Training, and Library Occupations",240,7/1/14
"Education, Training, and Library Occupations",227,8/1/14
"Education, Training, and Library Occupations",304,9/1/14
"Education, Training, and Library Occupations",0,10/1/14
"Education, Training, and Library Occupations",0,11/1/14
"Education, Training, and Library Occupations",0,12/1/14
"Education, Training, and Library Occupations",0,1/1/15
"Education, Training, and Library Occupations",0,2/1/15
"Education, Training, and Library Occupations",0,3/1/15
"Education, Training, and Library Occupations",160,4/1/15
"Education, Training, and Library Occupations",111,5/1/15
"Education, Training, and Library Occupations",181,6/1/15
"Education, Training, and Library Occupations",250,7/1/15
"Education, Training, and Library Occupations",314,8/1/15
"Education, Training, and Library Occupations",379,9/1/15
"Education, Training, and Library Occupations",0,10/1/15
"Education, Training, and Library Occupations",0,11/1/15
"Education, Training, and Library Occupations",0,12/1/15
"Education, Training, and Library Occupations",0,1/1/16
"Education, Training, and Library Occupations",0,2/1/16
"Education, Training, and Library Occupations",0,3/1/16
"Education, Training, and Library Occupations",227,4/1/16
"Education, Training, and Library Occupations",328,5/1/16
"Education, Training, and Library Occupations",305,6/1/16
"Education, Training, and Library Occupations",286,7/1/16
"Education, Training, and Library Occupations",418,8/1/16
"Education, Training, and Library Occupations",196,9/1/16
"Education, Training, and Library Occupations",339,10/1/16
"Education, Training, and Library Occupations",208,11/1/16
"Education, Training, and Library Occupations",182,12/1/16
Computer and Mathematical Occupations,0,1/1/11
Computer and Mathematical Occupations,0,2/1/11
Computer and Mathematical Occupations,0,3/1/11
Computer and Mathematical Occupations,0,4/1/11
Computer and Mathematical Occupations,0,5/1/11
Computer and Mathematical Occupations,0,6/1/11
Computer and Mathematical Occupations,0,7/1/11
Computer and Mathematical Occupations,0,8/1/11
Computer and Mathematical Occupations,0,9/1/11
Computer and Mathematical Occupations,0,10/1/11
Computer and Mathematical Occupations,1308,11/1/11
Computer and Mathematical Occupations,1140,12/1/11
Computer and Mathematical Occupations,858,1/1/12
Computer and Mathematical Occupations,1051,2/1/12
Computer and Mathematical Occupations,1503,3/1/12
Computer and Mathematical Occupations,0,4/1/12
Computer and Mathematical Occupations,0,5/1/12
Computer and Mathematical Occupations,0,6/1/12
Computer and Mathematical Occupations,0,7/1/12
Computer and Mathematical Occupations,0,8/1/12
Computer and Mathematical Occupations,0,9/1/12
Computer and Mathematical Occupations,0,10/1/12
Computer and Mathematical Occupations,0,11/1/12
Computer and Mathematical Occupations,0,12/1/12
Computer and Mathematical Occupations,0,1/1/13
Computer and Mathematical Occupations,0,2/1/13
Computer and Mathematical Occupations,0,3/1/13
Computer and Mathematical Occupations,1279,4/1/13
Computer and Mathematical Occupations,1459,5/1/13
Computer and Mathematical Occupations,1008,6/1/13
Computer and Mathematical Occupations,1108,7/1/13
Computer and Mathematical Occupations,1536,8/1/13
Computer and Mathematical Occupations,1518,9/1/13
Computer and Mathematical Occupations,0,10/1/13
Computer and Mathematical Occupations,0,11/1/13
Computer and Mathematical Occupations,0,12/1/13
Computer and Mathematical Occupations,0,1/1/14
Computer and Mathematical Occupations,0,2/1/14
Computer and Mathematical Occupations,0,3/1/14
Computer and Mathematical Occupations,3197,4/1/14
Computer and Mathematical Occupations,3870,5/1/14
Computer and Mathematical Occupations,4129,6/1/14
Computer and Mathematical Occupations,3126,7/1/14
Computer and Mathematical Occupations,2679,8/1/14
Computer and Mathematical Occupations,3006,9/1/14
Computer and Mathematical Occupations,0,10/1/14
Computer and Mathematical Occupations,0,11/1/14
Computer and Mathematical Occupations,0,12/1/14
Computer and Mathematical Occupations,0,1/1/15
Computer and Mathematical Occupations,0,2/1/15
Computer and Mathematical Occupations,0,3/1/15
Computer and Mathematical Occupations,2766,4/1/15
Computer and Mathematical Occupations,2580,5/1/15
Computer and Mathematical Occupations,2672,6/1/15
Computer and Mathematical Occupations,4134,7/1/15
Computer and Mathematical Occupations,4434,8/1/15
Computer and Mathematical Occupations,5352,9/1/15
Computer and Mathematical Occupations,0,10/1/15
Computer and Mathematical Occupations,0,11/1/15
Computer and Mathematical Occupations,0,12/1/15
Computer and Mathematical Occupations,0,1/1/16
Computer and Mathematical Occupations,0,2/1/16
Computer and Mathematical Occupations,0,3/1/16
Computer and Mathematical Occupations,4766,4/1/16
Computer and Mathematical Occupations,6248,5/1/16
Computer and Mathematical Occupations,6790,6/1/16
Computer and Mathematical Occupations,5637,7/1/16
Computer and Mathematical Occupations,5627,8/1/16
Computer and Mathematical Occupations,5608,9/1/16
Computer and Mathematical Occupations,4686,10/1/16
Computer and Mathematical Occupations,4416,11/1/16
Computer and Mathematical Occupations,3615,12/1/16
Healthcare Support Occupations,0,1/1/11
Healthcare Support Occupations,0,2/1/11
Healthcare Support Occupations,0,3/1/11
Healthcare Support Occupations,0,4/1/11
Healthcare Support Occupations,0,5/1/11
Healthcare Support Occupations,0,6/1/11
Healthcare Support Occupations,0,7/1/11
Healthcare Support Occupations,0,8/1/11
Healthcare Support Occupations,0,9/1/11
Healthcare Support Occupations,0,10/1/11
Healthcare Support Occupations,0,11/1/11
Healthcare Support Occupations,6,12/1/11
Healthcare Support Occupations,8,1/1/12
Healthcare Support Occupations,7,2/1/12
Healthcare Support Occupations,7,3/1/12
Healthcare Support Occupations,0,4/1/12
Healthcare Support Occupations,0,5/1/12
Healthcare Support Occupations,0,6/1/12
Healthcare Support Occupations,0,7/1/12
Healthcare Support Occupations,0,8/1/12
Healthcare Support Occupations,0,9/1/12
Healthcare Support Occupations,0,10/1/12
Healthcare Support Occupations,0,11/1/12
Healthcare Support Occupations,0,12/1/12
Healthcare Support Occupations,0,1/1/13
Healthcare Support Occupations,0,2/1/13
Healthcare Support Occupations,0,3/1/13
Healthcare Support Occupations,0,4/1/13
Healthcare Support Occupations,2,5/1/13
Healthcare Support Occupations,3,6/1/13
Healthcare Support Occupations,0,7/1/13
Healthcare Support Occupations,2,8/1/13
Healthcare Support Occupations,1,9/1/13
Healthcare Support Occupations,0,10/1/13
Healthcare Support Occupations,0,11/1/13
Healthcare Support Occupations,0,12/1/13
Healthcare Support Occupations,0,1/1/14
Healthcare Support Occupations,0,2/1/14
Healthcare Support Occupations,0,3/1/14
Healthcare Support Occupations,5,4/1/14
Healthcare Support Occupations,4,5/1/14
Healthcare Support Occupations,1,6/1/14
Healthcare Support Occupations,8,7/1/14
Healthcare Support Occupations,6,8/1/14
Healthcare Support Occupations,15,9/1/14
Healthcare Support Occupations,0,10/1/14
Healthcare Support Occupations,0,11/1/14
Healthcare Support Occupations,0,12/1/14
Healthcare Support Occupations,0,1/1/15
Healthcare Support Occupations,0,2/1/15
Healthcare Support Occupations,0,3/1/15
Healthcare Support Occupations,20,4/1/15
Healthcare Support Occupations,14,5/1/15
Healthcare Support Occupations,4,6/1/15
Healthcare Support Occupations,22,7/1/15
Healthcare Support Occupations,60,8/1/15
Healthcare Support Occupations,55,9/1/15
Healthcare Support Occupations,0,10/1/15
Healthcare Support Occupations,0,11/1/15
Healthcare Support Occupations,0,12/1/15
Healthcare Support Occupations,0,1/1/16
Healthcare Support Occupations,0,2/1/16
Healthcare Support Occupations,0,3/1/16
Healthcare Support Occupations,27,4/1/16
Healthcare Support Occupations,24,5/1/16
Healthcare Support Occupations,44,6/1/16
Healthcare Support Occupations,14,7/1/16
Healthcare Support Occupations,25,8/1/16
Healthcare Support Occupations,25,9/1/16
Healthcare Support Occupations,30,10/1/16
Healthcare Support Occupations,63,11/1/16
Healthcare Support Occupations,38,12/1/16
Building and Grounds Cleaning and Maintenance Occupations,0,1/1/11
Building and Grounds Cleaning and Maintenance Occupations,0,2/1/11
Building and Grounds Cleaning and Maintenance Occupations,0,3/1/11
Building and Grounds Cleaning and Maintenance Occupations,0,4/1/11
Building and Grounds Cleaning and Maintenance Occupations,0,5/1/11
Building and Grounds Cleaning and Maintenance Occupations,0,6/1/11
Building and Grounds Cleaning and Maintenance Occupations,0,7/1/11
Building and Grounds Cleaning and Maintenance Occupations,0,8/1/11
Building and Grounds Cleaning and Maintenance Occupations,0,9/1/11
Building and Grounds Cleaning and Maintenance Occupations,0,10/1/11
Building and Grounds Cleaning and Maintenance Occupations,2,11/1/11
Building and Grounds Cleaning and Maintenance Occupations,6,12/1/11
Building and Grounds Cleaning and Maintenance Occupations,8,1/1/12
Building and Grounds Cleaning and Maintenance Occupations,8,2/1/12
Building and Grounds Cleaning and Maintenance Occupations,3,3/1/12
Building and Grounds Cleaning and Maintenance Occupations,0,4/1/12
Building and Grounds Cleaning and Maintenance Occupations,0,5/1/12
Building and Grounds Cleaning and Maintenance Occupations,0,6/1/12
Building and Grounds Cleaning and Maintenance Occupations,0,7/1/12
Building and Grounds Cleaning and Maintenance Occupations,0,8/1/12
Building and Grounds Cleaning and Maintenance Occupations,0,9/1/12
Building and Grounds Cleaning and Maintenance Occupations,0,10/1/12
Building and Grounds Cleaning and Maintenance Occupations,0,11/1/12
Building and Grounds Cleaning and Maintenance Occupations,0,12/1/12
Building and Grounds Cleaning and Maintenance Occupations,0,1/1/13
Building and Grounds Cleaning and Maintenance Occupations,0,2/1/13
Building and Grounds Cleaning and Maintenance Occupations,0,3/1/13
Building and Grounds Cleaning and Maintenance Occupations,1,4/1/13
Building and Grounds Cleaning and Maintenance Occupations,6,5/1/13
Building and Grounds Cleaning and Maintenance Occupations,1,6/1/13
Building and Grounds Cleaning and Maintenance Occupations,3,7/1/13
Building and Grounds Cleaning and Maintenance Occupations,4,8/1/13
Building and Grounds Cleaning and Maintenance Occupations,2,9/1/13
Building and Grounds Cleaning and Maintenance Occupations,0,10/1/13
Building and Grounds Cleaning and Maintenance Occupations,0,11/1/13
Building and Grounds Cleaning and Maintenance Occupations,0,12/1/13
Building and Grounds Cleaning and Maintenance Occupations,0,1/1/14
Building and Grounds Cleaning and Maintenance Occupations,0,2/1/14
Building and Grounds Cleaning and Maintenance Occupations,0,3/1/14
Building and Grounds Cleaning and Maintenance Occupations,0,4/1/14
Building and Grounds Cleaning and Maintenance Occupations,10,5/1/14
Building and Grounds Cleaning and Maintenance Occupations,30,6/1/14
Building and Grounds Cleaning and Maintenance Occupations,9,7/1/14
Building and Grounds Cleaning and Maintenance Occupations,4,8/1/14
Building and Grounds Cleaning and Maintenance Occupations,4,9/1/14
Building and Grounds Cleaning and Maintenance Occupations,0,10/1/14
Building and Grounds Cleaning and Maintenance Occupations,0,11/1/14
Building and Grounds Cleaning and Maintenance Occupations,0,12/1/14
Building and Grounds Cleaning and Maintenance Occupations,0,1/1/15
Building and Grounds Cleaning and Maintenance Occupations,0,2/1/15
Building and Grounds Cleaning and Maintenance Occupations,0,3/1/15
Building and Grounds Cleaning and Maintenance Occupations,12,4/1/15
Building and Grounds Cleaning and Maintenance Occupations,60,5/1/15
Building and Grounds Cleaning and Maintenance Occupations,93,6/1/15
Building and Grounds Cleaning and Maintenance Occupations,54,7/1/15
Building and Grounds Cleaning and Maintenance Occupations,159,8/1/15
Building and Grounds Cleaning and Maintenance Occupations,126,9/1/15
Building and Grounds Cleaning and Maintenance Occupations,0,10/1/15
Building and Grounds Cleaning and Maintenance Occupations,0,11/1/15
Building and Grounds Cleaning and Maintenance Occupations,0,12/1/15
Building and Grounds Cleaning and Maintenance Occupations,0,1/1/16
Building and Grounds Cleaning and Maintenance Occupations,0,2/1/16
Building and Grounds Cleaning and Maintenance Occupations,0,3/1/16
Building and Grounds Cleaning and Maintenance Occupations,20,4/1/16
Building and Grounds Cleaning and Maintenance Occupations,45,5/1/16
Building and Grounds Cleaning and Maintenance Occupations,110,6/1/16
Building and Grounds Cleaning and Maintenance Occupations,58,7/1/16
Building and Grounds Cleaning and Maintenance Occupations,72,8/1/16
Building and Grounds Cleaning and Maintenance Occupations,39,9/1/16
Building and Grounds Cleaning and Maintenance Occupations,59,10/1/16
Building and Grounds Cleaning and Maintenance Occupations,43,11/1/16
Building and Grounds Cleaning and Maintenance Occupations,41,12/1/16
Architecture and Engineering Occupations,0,1/1/11
Architecture and Engineering Occupations,0,2/1/11
Architecture and Engineering Occupations,0,3/1/11
Architecture and Engineering Occupations,0,4/1/11
Architecture and Engineering Occupations,0,5/1/11
Architecture and Engineering Occupations,0,6/1/11
Architecture and Engineering Occupations,0,7/1/11
Architecture and Engineering Occupations,0,8/1/11
Architecture and Engineering Occupations,0,9/1/11
Architecture and Engineering Occupations,0,10/1/11
Architecture and Engineering Occupations,244,11/1/11
Architecture and Engineering Occupations,275,12/1/11
Architecture and Engineering Occupations,199,1/1/12
Architecture and Engineering Occupations,183,2/1/12
Architecture and Engineering Occupations,336,3/1/12
Architecture and Engineering Occupations,0,4/1/12
Architecture and Engineering Occupations,0,5/1/12
Architecture and Engineering Occupations,0,6/1/12
Architecture and Engineering Occupations,0,7/1/12
Architecture and Engineering Occupations,0,8/1/12
Architecture and Engineering Occupations,0,9/1/12
Architecture and Engineering Occupations,0,10/1/12
Architecture and Engineering Occupations,0,11/1/12
Architecture and Engineering Occupations,0,12/1/12
Architecture and Engineering Occupations,0,1/1/13
Architecture and Engineering Occupations,0,2/1/13
Architecture and Engineering Occupations,0,3/1/13
Architecture and Engineering Occupations,216,4/1/13
Architecture and Engineering Occupations,200,5/1/13
Architecture and Engineering Occupations,169,6/1/13
Architecture and Engineering Occupations,254,7/1/13
Architecture and Engineering Occupations,307,8/1/13
Architecture and Engineering Occupations,295,9/1/13
Architecture and Engineering Occupations,0,10/1/13
Architecture and Engineering Occupations,0,11/1/13
Architecture and Engineering Occupations,0,12/1/13
Architecture and Engineering Occupations,0,1/1/14
Architecture and Engineering Occupations,0,2/1/14
Architecture and Engineering Occupations,0,3/1/14
Architecture and Engineering Occupations,953,4/1/14
Architecture and Engineering Occupations,853,5/1/14
Architecture and Engineering Occupations,767,6/1/14
Architecture and Engineering Occupations,651,7/1/14
Architecture and Engineering Occupations,619,8/1/14
Architecture and Engineering Occupations,476,9/1/14
Architecture and Engineering Occupations,0,10/1/14
Architecture and Engineering Occupations,0,11/1/14
Architecture and Engineering Occupations,0,12/1/14
Architecture and Engineering Occupations,0,1/1/15
Architecture and Engineering Occupations,0,2/1/15
Architecture and Engineering Occupations,0,3/1/15
Architecture and Engineering Occupations,702,4/1/15
Architecture and Engineering Occupations,793,5/1/15
Architecture and Engineering Occupations,551,6/1/15
Architecture and Engineering Occupations,677,7/1/15
Architecture and Engineering Occupations,647,8/1/15
Architecture and Engineering Occupations,808,9/1/15
Architecture and Engineering Occupations,0,10/1/15
Architecture and Engineering Occupations,0,11/1/15
Architecture and Engineering Occupations,0,12/1/15
Architecture and Engineering Occupations,0,1/1/16
Architecture and Engineering Occupations,0,2/1/16
Architecture and Engineering Occupations,0,3/1/16
Architecture and Engineering Occupations,881,4/1/16
Architecture and Engineering Occupations,1033,5/1/16
Architecture and Engineering Occupations,896,6/1/16
Architecture and Engineering Occupations,630,7/1/16
Architecture and Engineering Occupations,876,8/1/16
Architecture and Engineering Occupations,729,9/1/16
Architecture and Engineering Occupations,639,10/1/16
Architecture and Engineering Occupations,593,11/1/16
Architecture and Engineering Occupations,551,12/1/16
Production Occupations,0,1/1/11
Production Occupations,0,2/1/11
Production Occupations,0,3/1/11
Production Occupations,0,4/1/11
Production Occupations,0,5/1/11
Production Occupations,0,6/1/11
Production Occupations,0,7/1/11
Production Occupations,0,8/1/11
Production Occupations,0,9/1/11
Production Occupations,0,10/1/11
Production Occupations,2,11/1/11
Production Occupations,18,12/1/11
Production Occupations,35,1/1/12
Production Occupations,35,2/1/12
Production Occupations,13,3/1/12
Production Occupations,0,4/1/12
Production Occupations,0,5/1/12
Production Occupations,0,6/1/12
Production Occupations,0,7/1/12
Production Occupations,0,8/1/12
Production Occupations,0,9/1/12
Production Occupations,0,10/1/12
Production Occupations,0,11/1/12
Production Occupations,0,12/1/12
Production Occupations,0,1/1/13
Production Occupations,0,2/1/13
Production Occupations,0,3/1/13
Production Occupations,11,4/1/13
Production Occupations,17,5/1/13
Production Occupations,10,6/1/13
Production Occupations,11,7/1/13
Production Occupations,16,8/1/13
Production Occupations,39,9/1/13
Production Occupations,0,10/1/13
Production Occupations,0,11/1/13
Production Occupations,0,12/1/13
Production Occupations,0,1/1/14
Production Occupations,0,2/1/14
Production Occupations,0,3/1/14
Production Occupations,14,4/1/14
Production Occupations,36,5/1/14
Production Occupations,30,6/1/14
Production Occupations,46,7/1/14
Production Occupations,61,8/1/14
Production Occupations,56,9/1/14
Production Occupations,0,10/1/14
Production Occupations,0,11/1/14
Production Occupations,0,12/1/14
Production Occupations,0,1/1/15
Production Occupations,0,2/1/15
Production Occupations,0,3/1/15
Production Occupations,193,4/1/15
Production Occupations,166,5/1/15
Production Occupations,166,6/1/15
Production Occupations,192,7/1/15
Production Occupations,335,8/1/15
Production Occupations,173,9/1/15
Production Occupations,0,10/1/15
Production Occupations,0,11/1/15
Production Occupations,0,12/1/15
Production Occupations,0,1/1/16
Production Occupations,0,2/1/16
Production Occupations,0,3/1/16
Production Occupations,172,4/1/16
Production Occupations,297,5/1/16
Production Occupations,342,6/1/16
Production Occupations,286,7/1/16
Production Occupations,289,8/1/16
Production Occupations,275,9/1/16
Production Occupations,191,10/1/16
Production Occupations,195,11/1/16
Production Occupations,268,12/1/16
Office and Administrative Support Occupations,0,1/1/11
Office and Administrative Support Occupations,0,2/1/11
Office and Administrative Support Occupations,0,3/1/11
Office and Administrative Support Occupations,0,4/1/11
Office and Administrative Support Occupations,0,5/1/11
Office and Administrative Support Occupations,0,6/1/11
Office and Administrative Support Occupations,0,7/1/11
Office and Administrative Support Occupations,0,8/1/11
Office and Administrative Support Occupations,0,9/1/11
Office and Administrative Support Occupations,0,10/1/11
Office and Administrative Support Occupations,2,11/1/11
Office and Administrative Support Occupations,14,12/1/11
Office and Administrative Support Occupations,14,1/1/12
Office and Administrative Support Occupations,11,2/1/12
Office and Administrative Support Occupations,5,3/1/12
Office and Administrative Support Occupations,0,4/1/12
Office and Administrative Support Occupations,0,5/1/12
Office and Administrative Support Occupations,0,6/1/12
Office and Administrative Support Occupations,0,7/1/12
Office and Administrative Support Occupations,0,8/1/12
Office and Administrative Support Occupations,0,9/1/12
Office and Administrative Support Occupations,0,10/1/12
Office and Administrative Support Occupations,0,11/1/12
Office and Administrative Support Occupations,0,12/1/12
Office and Administrative Support Occupations,0,1/1/13
Office and Administrative Support Occupations,0,2/1/13
Office and Administrative Support Occupations,0,3/1/13
Office and Administrative Support Occupations,4,4/1/13
Office and Administrative Support Occupations,8,5/1/13
Office and Administrative Support Occupations,5,6/1/13
Office and Administrative Support Occupations,4,7/1/13
Office and Administrative Support Occupations,8,8/1/13
Office and Administrative Support Occupations,3,9/1/13
Office and Administrative Support Occupations,0,10/1/13
Office and Administrative Support Occupations,0,11/1/13
Office and Administrative Support Occupations,0,12/1/13
Office and Administrative Support Occupations,0,1/1/14
Office and Administrative Support Occupations,0,2/1/14
Office and Administrative Support Occupations,0,3/1/14
Office and Administrative Support Occupations,13,4/1/14
Office and Administrative Support Occupations,15,5/1/14
Office and Administrative Support Occupations,16,6/1/14
Office and Administrative Support Occupations,10,7/1/14
Office and Administrative Support Occupations,9,8/1/14
Office and Administrative Support Occupations,3,9/1/14
Office and Administrative Support Occupations,0,10/1/14
Office and Administrative Support Occupations,0,11/1/14
Office and Administrative Support Occupations,0,12/1/14
Office and Administrative Support Occupations,0,1/1/15
Office and Administrative Support Occupations,0,2/1/15
Office and Administrative Support Occupations,0,3/1/15
Office and Administrative Support Occupations,40,4/1/15
Office and Administrative Support Occupations,27,5/1/15
Office and Administrative Support Occupations,36,6/1/15
Office and Administrative Support Occupations,76,7/1/15
Office and Administrative Support Occupations,74,8/1/15
Office and Administrative Support Occupations,94,9/1/15
Office and Administrative Support Occupations,0,10/1/15
Office and Administrative Support Occupations,0,11/1/15
Office and Administrative Support Occupations,0,12/1/15
Office and Administrative Support Occupations,0,1/1/16
Office and Administrative Support Occupations,0,2/1/16
Office and Administrative Support Occupations,0,3/1/16
Office and Administrative Support Occupations,40,4/1/16
Office and Administrative Support Occupations,64,5/1/16
Office and Administrative Support Occupations,90,6/1/16
Office and Administrative Support Occupations,80,7/1/16
Office and Administrative Support Occupations,89,8/1/16
Office and Administrative Support Occupations,77,9/1/16
Office and Administrative Support Occupations,92,10/1/16
Office and Administrative Support Occupations,72,11/1/16
Office and Administrative Support Occupations,52,12/1/16
Healthcare Practitioners and Technical Occupations,0,1/1/11
Healthcare Practitioners and Technical Occupations,0,2/1/11
Healthcare Practitioners and Technical Occupations,0,3/1/11
Healthcare Practitioners and Technical Occupations,0,4/1/11
Healthcare Practitioners and Technical Occupations,0,5/1/11
Healthcare Practitioners and Technical Occupations,0,6/1/11
Healthcare Practitioners and Technical Occupations,0,7/1/11
Healthcare Practitioners and Technical Occupations,0,8/1/11
Healthcare Practitioners and Technical Occupations,0,9/1/11
Healthcare Practitioners and Technical Occupations,0,10/1/11
Healthcare Practitioners and Technical Occupations,141,11/1/11
Healthcare Practitioners and Technical Occupations,138,12/1/11
Healthcare Practitioners and Technical Occupations,130,1/1/12
Healthcare Practitioners and Technical Occupations,102,2/1/12
Healthcare Practitioners and Technical Occupations,235,3/1/12
Healthcare Practitioners and Technical Occupations,0,4/1/12
Healthcare Practitioners and Technical Occupations,0,5/1/12
Healthcare Practitioners and Technical Occupations,0,6/1/12
Healthcare Practitioners and Technical Occupations,0,7/1/12
Healthcare Practitioners and Technical Occupations,0,8/1/12
Healthcare Practitioners and Technical Occupations,0,9/1/12
Healthcare Practitioners and Technical Occupations,0,10/1/12
Healthcare Practitioners and Technical Occupations,0,11/1/12
Healthcare Practitioners and Technical Occupations,0,12/1/12
Healthcare Practitioners and Technical Occupations,0,1/1/13
Healthcare Practitioners and Technical Occupations,0,2/1/13
Healthcare Practitioners and Technical Occupations,0,3/1/13
Healthcare Practitioners and Technical Occupations,94,4/1/13
Healthcare Practitioners and Technical Occupations,124,5/1/13
Healthcare Practitioners and Technical Occupations,90,6/1/13
Healthcare Practitioners and Technical Occupations,118,7/1/13
Healthcare Practitioners and Technical Occupations,166,8/1/13
Healthcare Practitioners and Technical Occupations,122,9/1/13
Healthcare Practitioners and Technical Occupations,0,10/1/13
Healthcare Practitioners and Technical Occupations,0,11/1/13
Healthcare Practitioners and Technical Occupations,0,12/1/13
Healthcare Practitioners and Technical Occupations,0,1/1/14
Healthcare Practitioners and Technical Occupations,0,2/1/14
Healthcare Practitioners and Technical Occupations,0,3/1/14
Healthcare Practitioners and Technical Occupations,252,4/1/14
Healthcare Practitioners and Technical Occupations,406,5/1/14
Healthcare Practitioners and Technical Occupations,451,6/1/14
Healthcare Practitioners and Technical Occupations,220,7/1/14
Healthcare Practitioners and Technical Occupations,218,8/1/14
Healthcare Practitioners and Technical Occupations,291,9/1/14
Healthcare Practitioners and Technical Occupations,0,10/1/14
Healthcare Practitioners and Technical Occupations,0,11/1/14
Healthcare Practitioners and Technical Occupations,0,12/1/14
Healthcare Practitioners and Technical Occupations,0,1/1/15
Healthcare Practitioners and Technical Occupations,0,2/1/15
Healthcare Practitioners and Technical Occupations,0,3/1/15
Healthcare Practitioners and Technical Occupations,137,4/1/15
Healthcare Practitioners and Technical Occupations,144,5/1/15
Healthcare Practitioners and Technical Occupations,145,6/1/15
Healthcare Practitioners and Technical Occupations,191,7/1/15
Healthcare Practitioners and Technical Occupations,286,8/1/15
Healthcare Practitioners and Technical Occupations,346,9/1/15
Healthcare Practitioners and Technical Occupations,0,10/1/15
Healthcare Practitioners and Technical Occupations,0,11/1/15
Healthcare Practitioners and Technical Occupations,0,12/1/15
Healthcare Practitioners and Technical Occupations,0,1/1/16
Healthcare Practitioners and Technical Occupations,0,2/1/16
Healthcare Practitioners and Technical Occupations,0,3/1/16
Healthcare Practitioners and Technical Occupations,261,4/1/16
Healthcare Practitioners and Technical Occupations,386,5/1/16
Healthcare Practitioners and Technical Occupations,387,6/1/16
Healthcare Practitioners and Technical Occupations,295,7/1/16
Healthcare Practitioners and Technical Occupations,287,8/1/16
Healthcare Practitioners and Technical Occupations,203,9/1/16
Healthcare Practitioners and Technical Occupations,243,10/1/16
Healthcare Practitioners and Technical Occupations,187,11/1/16
Healthcare Practitioners and Technical Occupations,209,12/1/16
Sales and Related Occupations,0,1/1/11
Sales and Related Occupations,0,2/1/11
Sales and Related Occupations,0,3/1/11
Sales and Related Occupations,0,4/1/11
Sales and Related Occupations,0,5/1/11
Sales and Related Occupations,0,6/1/11
Sales and Related Occupations,0,7/1/11
Sales and Related Occupations,0,8/1/11
Sales and Related Occupations,0,9/1/11
Sales and Related Occupations,0,10/1/11
Sales and Related Occupations,22,11/1/11
Sales and Related Occupations,20,12/1/11
Sales and Related Occupations,27,1/1/12
Sales and Related Occupations,30,2/1/12
Sales and Related Occupations,33,3/1/12
Sales and Related Occupations,0,4/1/12
Sales and Related Occupations,0,5/1/12
Sales and Related Occupations,0,6/1/12
Sales and Related Occupations,0,7/1/12
Sales and Related Occupations,0,8/1/12
Sales and Related Occupations,0,9/1/12
Sales and Related Occupations,0,10/1/12
Sales and Related Occupations,0,11/1/12
Sales and Related Occupations,0,12/1/12
Sales and Related Occupations,0,1/1/13
Sales and Related Occupations,0,2/1/13
Sales and Related Occupations,0,3/1/13
Sales and Related Occupations,33,4/1/13
Sales and Related Occupations,35,5/1/13
Sales and Related Occupations,41,6/1/13
Sales and Related Occupations,24,7/1/13
Sales and Related Occupations,21,8/1/13
Sales and Related Occupations,26,9/1/13
Sales and Related Occupations,0,10/1/13
Sales and Related Occupations,0,11/1/13
Sales and Related Occupations,0,12/1/13
Sales and Related Occupations,0,1/1/14
Sales and Related Occupations,0,2/1/14
Sales and Related Occupations,0,3/1/14
Sales and Related Occupations,64,4/1/14
Sales and Related Occupations,63,5/1/14
Sales and Related Occupations,75,6/1/14
Sales and Related Occupations,48,7/1/14
Sales and Related Occupations,55,8/1/14
Sales and Related Occupations,40,9/1/14
Sales and Related Occupations,0,10/1/14
Sales and Related Occupations,0,11/1/14
Sales and Related Occupations,0,12/1/14
Sales and Related Occupations,0,1/1/15
Sales and Related Occupations,0,2/1/15
Sales and Related Occupations,0,3/1/15
Sales and Related Occupations,74,4/1/15
Sales and Related Occupations,68,5/1/15
Sales and Related Occupations,72,6/1/15
Sales and Related Occupations,86,7/1/15
Sales and Related Occupations,97,8/1/15
Sales and Related Occupations,120,9/1/15
Sales and Related Occupations,0,10/1/15
Sales and Related Occupations,0,11/1/15
Sales and Related Occupations,0,12/1/15
Sales and Related Occupations,0,1/1/16
Sales and Related Occupations,0,2/1/16
Sales and Related Occupations,0,3/1/16
Sales and Related Occupations,116,4/1/16
Sales and Related Occupations,147,5/1/16
Sales and Related Occupations,150,6/1/16
Sales and Related Occupations,118,7/1/16
Sales and Related Occupations,125,8/1/16
Sales and Related Occupations,119,9/1/16
Sales and Related Occupations,126,10/1/16
Sales and Related Occupations,116,11/1/16
Sales and Related Occupations,100,12/1/16
Personal Care and Service Occupations,0,1/1/11
Personal Care and Service Occupations,0,2/1/11
Personal Care and Service Occupations,0,3/1/11
Personal Care and Service Occupations,0,4/1/11
Personal Care and Service Occupations,0,5/1/11
Personal Care and Service Occupations,0,6/1/11
Personal Care and Service Occupations,0,7/1/11
Personal Care and Service Occupations,0,8/1/11
Personal Care and Service Occupations,0,9/1/11
Personal Care and Service Occupations,0,10/1/11
Personal Care and Service Occupations,1,11/1/11
Personal Care and Service Occupations,9,12/1/11
Personal Care and Service Occupations,14,1/1/12
Personal Care and Service Occupations,8,2/1/12
Personal Care and Service Occupations,5,3/1/12
Personal Care and Service Occupations,0,4/1/12
Personal Care and Service Occupations,0,5/1/12
Personal Care and Service Occupations,0,6/1/12
Personal Care and Service Occupations,0,7/1/12
Personal Care and Service Occupations,0,8/1/12
Personal Care and Service Occupations,0,9/1/12
Personal Care and Service Occupations,0,10/1/12
Personal Care and Service Occupations,0,11/1/12
Personal Care and Service Occupations,0,12/1/12
Personal Care and Service Occupations,0,1/1/13
Personal Care and Service Occupations,0,2/1/13
Personal Care and Service Occupations,0,3/1/13
Personal Care and Service Occupations,1,4/1/13
Personal Care and Service Occupations,5,5/1/13
Personal Care and Service Occupations,3,6/1/13
Personal Care and Service Occupations,2,7/1/13
Personal Care and Service Occupations,3,8/1/13
Personal Care and Service Occupations,4,9/1/13
Personal Care and Service Occupations,0,10/1/13
Personal Care and Service Occupations,0,11/1/13
Personal Care and Service Occupations,0,12/1/13
Personal Care and Service Occupations,0,1/1/14
Personal Care and Service Occupations,0,2/1/14
Personal Care and Service Occupations,0,3/1/14
Personal Care and Service Occupations,6,4/1/14
Personal Care and Service Occupations,12,5/1/14
Personal Care and Service Occupations,2,6/1/14
Personal Care and Service Occupations,4,7/1/14
Personal Care and Service Occupations,3,8/1/14
Personal Care and Service Occupations,2,9/1/14
Personal Care and Service Occupations,0,10/1/14
Personal Care and Service Occupations,0,11/1/14
Personal Care and Service Occupations,0,12/1/14
Personal Care and Service Occupations,0,1/1/15
Personal Care and Service Occupations,0,2/1/15
Personal Care and Service Occupations,0,3/1/15
Personal Care and Service Occupations,18,4/1/15
Personal Care and Service Occupations,13,5/1/15
Personal Care and Service Occupations,19,6/1/15
Personal Care and Service Occupations,22,7/1/15
Personal Care and Service Occupations,25,8/1/15
Personal Care and Service Occupations,35,9/1/15
Personal Care and Service Occupations,0,10/1/15
Personal Care and Service Occupations,0,11/1/15
Personal Care and Service Occupations,0,12/1/15
Personal Care and Service Occupations,0,1/1/16
Personal Care and Service Occupations,0,2/1/16
Personal Care and Service Occupations,0,3/1/16
Personal Care and Service Occupations,8,4/1/16
Personal Care and Service Occupations,21,5/1/16
Personal Care and Service Occupations,32,6/1/16
Personal Care and Service Occupations,32,7/1/16
Personal Care and Service Occupations,25,8/1/16
Personal Care and Service Occupations,31,9/1/16
Personal Care and Service Occupations,29,10/1/16
Personal Care and Service Occupations,38,11/1/16
Personal Care and Service Occupations,37,12/1/16
Management Occupations,0,1/1/11
Management Occupations,0,2/1/11
Management Occupations,0,3/1/11
Management Occupations,0,4/1/11
Management Occupations,0,5/1/11
Management Occupations,0,6/1/11
Management Occupations,0,7/1/11
Management Occupations,0,8/1/11
Management Occupations,0,9/1/11
Management Occupations,0,10/1/11
Management Occupations,239,11/1/11
Management Occupations,222,12/1/11
Management Occupations,168,1/1/12
Management Occupations,182,2/1/12
Management Occupations,304,3/1/12
Management Occupations,0,4/1/12
Management Occupations,0,5/1/12
Management Occupations,0,6/1/12
Management Occupations,0,7/1/12
Management Occupations,0,8/1/12
Management Occupations,0,9/1/12
Management Occupations,0,10/1/12
Management Occupations,0,11/1/12
Management Occupations,0,12/1/12
Management Occupations,0,1/1/13
Management Occupations,0,2/1/13
Management Occupations,0,3/1/13
Management Occupations,160,4/1/13
Management Occupations,226,5/1/13
Management Occupations,146,6/1/13
Management Occupations,162,7/1/13
Management Occupations,195,8/1/13
Management Occupations,235,9/1/13
Management Occupations,0,10/1/13
Management Occupations,0,11/1/13
Management Occupations,0,12/1/13
Management Occupations,0,1/1/14
Management Occupations,0,2/1/14
Management Occupations,0,3/1/14
Management Occupations,460,4/1/14
Management Occupations,568,5/1/14
Management Occupations,596,6/1/14
Management Occupations,431,7/1/14
Management Occupations,471,8/1/14
Management Occupations,426,9/1/14
Management Occupations,0,10/1/14
Management Occupations,0,11/1/14
Management Occupations,0,12/1/14
Management Occupations,0,1/1/15
Management Occupations,0,2/1/15
Management Occupations,0,3/1/15
Management Occupations,410,4/1/15
Management Occupations,384,5/1/15
Management Occupations,399,6/1/15
Management Occupations,549,7/1/15
Management Occupations,633,8/1/15
Management Occupations,733,9/1/15
Management Occupations,0,10/1/15
Management Occupations,0,11/1/15
Management Occupations,0,12/1/15
Management Occupations,0,1/1/16
Management Occupations,0,2/1/16
Management Occupations,0,3/1/16
Management Occupations,694,4/1/16
Management Occupations,860,5/1/16
Management Occupations,876,6/1/16
Management Occupations,702,7/1/16
Management Occupations,688,8/1/16
Management Occupations,611,9/1/16
Management Occupations,641,10/1/16
Management Occupations,682,11/1/16
Management Occupations,476,12/1/16
"Farming, Fishing, and Forestry Occupations",0,1/1/11
"Farming, Fishing, and Forestry Occupations",0,2/1/11
"Farming, Fishing, and Forestry Occupations",0,3/1/11
"Farming, Fishing, and Forestry Occupations",0,4/1/11
"Farming, Fishing, and Forestry Occupations",0,5/1/11
"Farming, Fishing, and Forestry Occupations",0,6/1/11
"Farming, Fishing, and Forestry Occupations",0,7/1/11
"Farming, Fishing, and Forestry Occupations",0,8/1/11
"Farming, Fishing, and Forestry Occupations",0,9/1/11
"Farming, Fishing, and Forestry Occupations",0,10/1/11
"Farming, Fishing, and Forestry Occupations",3,11/1/11
"Farming, Fishing, and Forestry Occupations",2,12/1/11
"Farming, Fishing, and Forestry Occupations",2,1/1/12
"Farming, Fishing, and Forestry Occupations",7,2/1/12
"Farming, Fishing, and Forestry Occupations",0,3/1/12
"Farming, Fishing, and Forestry Occupations",0,4/1/12
"Farming, Fishing, and Forestry Occupations",0,5/1/12
"Farming, Fishing, and Forestry Occupations",0,6/1/12
"Farming, Fishing, and Forestry Occupations",0,7/1/12
"Farming, Fishing, and Forestry Occupations",0,8/1/12
"Farming, Fishing, and Forestry Occupations",0,9/1/12
"Farming, Fishing, and Forestry Occupations",0,10/1/12
"Farming, Fishing, and Forestry Occupations",0,11/1/12
"Farming, Fishing, and Forestry Occupations",0,12/1/12
"Farming, Fishing, and Forestry Occupations",0,1/1/13
"Farming, Fishing, and Forestry Occupations",0,2/1/13
"Farming, Fishing, and Forestry Occupations",0,3/1/13
"Farming, Fishing, and Forestry Occupations",1,4/1/13
"Farming, Fishing, and Forestry Occupations",9,5/1/13
"Farming, Fishing, and Forestry Occupations",1,6/1/13
"Farming, Fishing, and Forestry Occupations",3,7/1/13
"Farming, Fishing, and Forestry Occupations",0,8/1/13
"Farming, Fishing, and Forestry Occupations",6,9/1/13
"Farming, Fishing, and Forestry Occupations",0,10/1/13
"Farming, Fishing, and Forestry Occupations",0,11/1/13
"Farming, Fishing, and Forestry Occupations",0,12/1/13
"Farming, Fishing, and Forestry Occupations",0,1/1/14
"Farming, Fishing, and Forestry Occupations",0,2/1/14
"Farming, Fishing, and Forestry Occupations",0,3/1/14
"Farming, Fishing, and Forestry Occupations",5,4/1/14
"Farming, Fishing, and Forestry Occupations",10,5/1/14
"Farming, Fishing, and Forestry Occupations",4,6/1/14
"Farming, Fishing, and Forestry Occupations",0,7/1/14
"Farming, Fishing, and Forestry Occupations",1,8/1/14
"Farming, Fishing, and Forestry Occupations",3,9/1/14
"Farming, Fishing, and Forestry Occupations",0,10/1/14
"Farming, Fishing, and Forestry Occupations",0,11/1/14
"Farming, Fishing, and Forestry Occupations",0,12/1/14
"Farming, Fishing, and Forestry Occupations",0,1/1/15
"Farming, Fishing, and Forestry Occupations",0,2/1/15
"Farming, Fishing, and Forestry Occupations",0,3/1/15
"Farming, Fishing, and Forestry Occupations",11,4/1/15
"Farming, Fishing, and Forestry Occupations",25,5/1/15
"Farming, Fishing, and Forestry Occupations",10,6/1/15
"Farming, Fishing, and Forestry Occupations",20,7/1/15
"Farming, Fishing, and Forestry Occupations",28,8/1/15
"Farming, Fishing, and Forestry Occupations",28,9/1/15
"Farming, Fishing, and Forestry Occupations",0,10/1/15
"Farming, Fishing, and Forestry Occupations",0,11/1/15
"Farming, Fishing, and Forestry Occupations",0,12/1/15
"Farming, Fishing, and Forestry Occupations",0,1/1/16
"Farming, Fishing, and Forestry Occupations",0,2/1/16
"Farming, Fishing, and Forestry Occupations",0,3/1/16
"Farming, Fishing, and Forestry Occupations",9,4/1/16
"Farming, Fishing, and Forestry Occupations",9,5/1/16
"Farming, Fishing, and Forestry Occupations",35,6/1/16
"Farming, Fishing, and Forestry Occupations",49,7/1/16
"Farming, Fishing, and Forestry Occupations",42,8/1/16
"Farming, Fishing, and Forestry Occupations",21,9/1/16
"Farming, Fishing, and Forestry Occupations",8,10/1/16
"Farming, Fishing, and Forestry Occupations",31,11/1/16
"Farming, Fishing, and Forestry Occupations",35,12/1/16
